{
  "feature_layer": "L2",
  "overall_macro_f1": 0.3609894243690638,
  "overall_std": 0.03233519057007266,
  "fold_f1s": [
    0.3531428571428571,
    0.4200621118012422,
    0.34339540209105424,
    0.36419290465631937,
    0.3241538461538461
  ],
  "classifier_comparison": {
    "protonet": {
      "mean": 0.20635971923559437,
      "std": 0.03624160244789446,
      "folds": [
        0.21807168458781362,
        0.2635653235653236,
        0.21136288998357963,
        0.18354939832136719,
        0.15524929971988793
      ]
    },
    "knn_3": {
      "mean": 0.3278287797224936,
      "std": 0.051902238504775815,
      "folds": [
        0.40963992869875226,
        0.28181512605042014,
        0.3589928268189138,
        0.3212345244381858,
        0.2674614926061958
      ]
    },
    "knn_5": {
      "mean": 0.3076113756887603,
      "std": 0.05047262742558057,
      "folds": [
        0.25484967320261437,
        0.31677534356851245,
        0.40045102723363596,
        0.2873533834586466,
        0.27862745098039216
      ]
    },
    "linear_probe": {
      "mean": 0.36175273317583495,
      "std": 0.0393675165554859,
      "folds": [
        0.32402551093180104,
        0.3852813852813853,
        0.3270862470862471,
        0.4272729961549837,
        0.3450975264247575
      ]
    }
  }
}